,week,claims,trend.unemploy,trend.filling,trend.job,sp500,vix
0,2010-01-03,13.386595127803215,0.2198822097372032,-0.3184521882954796,0.11750046336991787,-0.41763297998542015,0.12265369872630938
1,2010-01-10,13.624218082536382,0.2198822097372032,-0.19483823307105227,0.16879375757884413,-0.42548037819414564,0.1104448900321704
2,2010-01-17,13.398741298000703,0.23614273009131706,-0.2924767017854022,0.11750046336991787,-0.4652290500153633,0.5323386094451634
3,2010-01-24,13.137549482588554,0.20335290746222404,-0.19483823307105227,0.1069183538968615,-0.48175119084880524,0.42864479471585737
4,2010-01-31,13.196760022173816,0.13436003640461802,-0.24246628101273898,0.07448307769735596,-0.4889286412006557,0.4874040566705875
5,2010-02-07,13.146983792266555,0.021031350840007536,-0.17184871473479438,0.006274827681791701,-0.48022515514134145,0.3487713118240019
6,2010-02-14,13.085861205666507,0.11634153055065716,-0.2183687293417489,0.029531690167316674,-0.44940810457959746,0.22181744784662438
7,2010-02-21,13.034973747067738,0.11634153055065716,-0.2183687293417489,0.08541214838156469,-0.45363645121004037,0.19550013952925083
8,2010-02-28,13.070358250776945,0.25214307175432615,-0.26715889369963636,0.08541214838156469,-0.4231329143197131,0.08270464538390687
9,2010-03-07,13.044788788086002,0.11634153055065716,-0.26715889369963636,0.07448307769735596,-0.413266894133157,0.09184756621658074
10,2010-03-14,12.99239363456836,0.0408339785200726,-0.2183687293417489,0.01797086760747961,-0.4046863169254751,0.05653275320568474
11,2010-03-21,12.9313650863886,0.0408339785200726,-0.2183687293417489,0.08541214838156469,-0.39893519788511433,0.10259731612611
12,2010-03-28,12.930500446123151,0.20335290746222404,-0.004794629333621219,0.06343324135537455,-0.3891171812244556,0.08557079810551516
13,2010-04-04,12.950696853597707,0.060252063755497624,-0.2183687293417489,0.08541214838156469,-0.375401286595177,0.006386336801352588
14,2010-04-11,13.15024310087885,0.2678914290291406,-0.19483823307105227,0.09622306463452937,-0.37727850482924463,0.1352600591518942
15,2010-04-18,12.987262754181252,0.07930025910007774,-0.2924767017854022,0.07448307769735596,-0.35640124680422147,0.03569246338685206
16,2010-04-25,12.96966897003076,0.0008286431229340627,-0.24246628101273898,0.06343324135537455,-0.38185226291686636,0.3183982758524051
17,2010-05-02,12.897593504345535,-0.019790643422640336,-0.26715889369963636,0.07448307769735596,-0.44786763359884496,0.9374374842586284
18,2010-05-09,12.934410796108557,-0.019790643422640336,-0.24246628101273898,0.12797176249294578,-0.42578849409800856,0.666784998931035
19,2010-05-16,12.935001941729759,-0.019790643422640336,-0.3184521882954796,0.13833454967427664,-0.46896400500210067,0.9164620082720734
20,2010-05-23,12.925808201561576,0.0008286431229340627,-0.3184521882954796,0.06343324135537455,-0.46738383562295915,0.6930066876646133
21,2010-05-30,12.94532305033409,0.021031350840007536,-0.24246628101273898,0.07448307769735596,-0.4901580106706156,0.7940548314009286
22,2010-06-06,12.896375785638384,0.07930025910007774,-0.2183687293417489,0.09622306463452937,-0.46537564425663636,0.5851137785836342
23,2010-06-13,13.013229083326928,0.23614273009131706,-0.26715889369963636,0.1069183538968615,-0.4419171271627311,0.401053997816474
24,2010-06-20,12.964726628292238,0.3575035871668123,-0.2183687293417489,0.040960386146092514,-0.4790635907196563,0.5760418391849584
25,2010-06-27,13.005182160618634,0.4130734386995796,-0.24246628101273898,0.006274827681791701,-0.5306912700149278,0.6302750768912428
26,2010-07-04,13.061266394042743,0.23614273009131706,-0.26715889369963636,-0.017535821348667064,-0.477949802255079,0.44316117865698157
27,2010-07-11,13.153844602451123,0.45281376743951396,-0.26715889369963636,0.052259940598360616,-0.4901580106706156,0.49275166299718265
28,2010-07-18,13.1264848723635,0.7141785313999528,-0.26715889369963636,0.01797086760747961,-0.4552946587622353,0.38080868382248223
29,2010-07-25,12.93284558973978,0.23614273009131706,-0.19483823307105227,-0.005559630131576962,-0.4562564854767919,0.3820860951096634
30,2010-08-01,12.904555565679638,0.021031350840007536,-0.3184521882954796,-0.017535821348667064,-0.43822821874897677,0.3042395556526132
31,2010-08-08,12.960952069561268,0.0008286431229340627,-0.2183687293417489,0.01797086760747961,-0.47675377666915697,0.492370638035438
32,2010-08-15,12.912836694299212,-0.08432916470332669,-0.2183687293417489,0.029531690167316674,-0.48378334545204904,0.46337189234757403
33,2010-08-22,12.860881723321674,-0.10680202099774108,-0.2924767017854022,-0.029657181020828476,-0.4904304155467054,0.42171588988043096
34,2010-08-29,12.856142686473909,-0.10680202099774108,-0.3725194097971917,-0.029657181020828476,-0.4536183253612398,0.2842621200700757
35,2010-09-05,12.852817184519003,-0.1533220363538382,-0.2924767017854022,-0.07966760228529879,-0.44906556024071076,0.31567347852621985
36,2010-09-12,12.741954718129127,-0.1297915384871972,-0.3184521882954796,-0.017535821348667064,-0.434712819701085,0.3165825694979203
37,2010-09-19,12.854068159552728,-0.1533220363538382,-0.19483823307105227,-0.04192727377870797,-0.41441534246875555,0.3028586578497503
38,2010-09-26,12.828129220181733,-0.1533220363538382,-0.26715889369963636,-0.029657181020828476,-0.41653312039662804,0.33860098316992415
39,2010-10-03,12.8311577712589,-0.1533220363538382,-0.26715889369963636,-0.04192727377870797,-0.40017027743019096,0.2557023493670427
40,2010-10-10,13.044762851841613,-0.1774195884116114,-0.2183687293417489,-0.07966760228529879,-0.3907397812324449,0.17110235526760809
41,2010-10-17,12.884146796592598,-0.202112200216595,-0.2183687293417489,-0.06692857632886795,-0.3848989619208547,0.1578781477396669
42,2010-10-24,12.920220265135058,-0.202112200216595,-0.19483823307105227,-0.10564308794429185,-0.38474678260348316,0.2790868556375168
43,2010-10-31,12.950618489926114,-0.10680202099774108,-0.19483823307105227,-0.07966760228529879,-0.3493856707748746,0.12979854912637245
44,2010-11-07,13.022889943270924,-0.1297915384871972,-0.2183687293417489,-0.07966760228529879,-0.37135715797993996,0.25086206886191764
45,2010-11-14,12.922809391523206,-0.06235025756142837,-0.10589074663680251,-0.07966760228529879,-0.37092361731536716,0.11767718859402754
46,2010-11-21,13.049399058721907,-0.202112200216595,0.3480267450697137,-0.3255025645697583,-0.37957113365400996,0.32607845817103387
47,2010-11-28,12.931013992121027,0.20335290746222404,-0.40069028688952496,-0.11888831487293673,-0.35031608269014924,0.11601283314741462
48,2010-12-05,13.280581772847391,0.2198822097372032,-0.17184871473479438,-0.11888831487293673,-0.33758620452985344,0.09355259646766445
49,2010-12-12,13.10577860724812,0.20335290746222404,-0.2183687293417489,-0.20226992376280148,-0.33476046035652285,0.004525871148433058
50,2010-12-19,13.113419499907025,0.021031350840007536,0.08701291934981212,-0.3933251603960729,-0.32447517868082176,0.0266262181490986
51,2010-12-26,13.172505008882657,-0.04084405303154799,-0.12739695195539325,-0.2932417019099729,-0.32378317139274415,0.10147118988097459
52,2011-01-02,13.268891939699468,0.25214307175432615,-0.19483823307105227,0.12797176249294578,-0.3128228262425701,0.0665005871291835
53,2011-01-09,13.5586796561696,0.1520596129390907,-0.12739695195539325,0.08541214838156469,-0.2958694424405204,-0.03665828288117412
54,2011-01-16,13.217106123521333,0.18654578968434388,-0.044015342649264017,0.07448307769735596,-0.3035463042634232,0.14123346817069837
55,2011-01-23,13.093861016931617,0.1694513559938128,-0.004794629333621219,0.07448307769735596,-0.30902355165197104,0.22281595017621392
56,2011-01-30,13.049308696498418,0.07930025910007774,0.03294569879956064,-0.005559630131576962,-0.28232909701791975,-0.006710202118493047
57,2011-02-06,12.99613326544128,0.060252063755497624,-0.024212715270311776,0.006274827681791701,-0.2684804738866706,-0.0218907592955091
58,2011-02-13,12.958431685721965,-0.019790643422640336,-0.044015342649264017,-0.005559630131576962,-0.2581067611468857,0.024194606008726804
59,2011-02-20,12.850515283255076,-0.06235025756142837,-0.08483733734541077,0.006274827681791701,-0.2754793049594948,0.1810370775016965
60,2011-02-27,12.776478581304998,-0.08432916470332669,-0.10589074663680251,0.08541214838156469,-0.2745175445221282,0.17267757218560575
61,2011-03-06,12.917302838440758,-0.08432916470332669,-0.10589074663680251,0.01797086760747961,-0.28736894550715864,0.22480996878307824
62,2011-03-13,12.82589885186458,-0.202112200216595,-0.06421805005293446,-0.029657181020828476,-0.3067774627172559,0.42130680826294453
63,2011-03-20,12.778342319994913,-0.1297915384871972,-0.08483733734541077,0.040960386146092514,-0.2800963933499796,0.1104448900321704
64,2011-03-27,12.786770354161733,-0.10680202099774108,-0.06421805005293446,0.06343324135537455,-0.26603077404203557,0.08155588018003312
65,2011-04-03,12.77653510929909,-0.06235025756142837,-0.024212715270311776,0.06343324135537455,-0.2692180440847265,0.10820900313088666
66,2011-04-10,13.012613241444944,-0.08432916470332669,-0.024212715270311776,0.08541214838156469,-0.2756308082372483,-0.04575516172800498
67,2011-04-17,12.852741238168516,-0.10680202099774108,0.08701291934981212,0.006274827681791701,-0.26230765224714414,-0.08774733585466432
68,2011-04-24,12.86841777633656,-0.1297915384871972,-0.12739695195539325,0.052259940598360616,-0.24288454833920436,-0.08367124325462116
69,2011-05-01,12.938378037290194,-0.1297915384871972,-0.10589074663680251,0.040960386146092514,-0.2602013121273812,0.1374363385744899
70,2011-05-08,12.893546261819267,-0.1297915384871972,-0.14937585877613466,0.07448307769735596,-0.26201606859828797,0.062408210765898975
71,2011-05-15,12.79821923657076,-0.1774195884116114,-0.08483733734541077,0.1069183538968615,-0.26538554579827434,0.0832785334914794
72,2011-05-22,12.839023862386666,-0.1774195884116114,-0.17184871473479438,0.06343324135537455,-0.2670144820819713,-0.0035763857023214385
73,2011-05-29,12.851858265979793,-0.06235025756142837,-0.10589074663680251,0.052259940598360616,-0.29053277215475504,0.11267578889383767
74,2011-06-05,12.812615638914735,-0.1297915384871972,-0.10589074663680251,0.08541214838156469,-0.3132318914162129,0.16212895116486115
75,2011-06-12,12.900738672059388,-0.08432916470332669,-0.06421805005293446,0.08541214838156469,-0.3128228262425701,0.309286595501149
76,2011-06-19,12.884831813275438,-0.10680202099774108,-0.044015342649264017,0.07448307769735596,-0.3152244881059074,0.2743587144415707
77,2011-06-26,12.91566633772906,-0.08432916470332669,-0.004794629333621219,0.006274827681791701,-0.26059678430169964,-0.010483791502132522
78,2011-07-03,12.961349197555668,-0.019790643422640336,-0.10589074663680251,-0.005559630131576962,-0.25751867415493557,-0.005455496809596561
79,2011-07-10,13.068884538558716,-0.019790643422640336,-0.06421805005293446,0.040960386146092514,-0.2783169105020624,0.1970374188481374
80,2011-07-17,13.06067093567108,-0.10680202099774108,-0.004794629333621219,0.040960386146092514,-0.256611234421217,0.08842875946779527
81,2011-07-24,12.819112741344423,-0.08432916470332669,-0.024212715270311776,0.040960386146092514,-0.29661200953499733,0.4539118296809188
82,2011-07-31,12.739939763442818,-0.04084405303154799,-0.024212715270311776,0.052259940598360616,-0.3712153713447126,0.6908215767592765
83,2011-08-07,12.778204070821719,-0.08432916470332669,-0.08483733734541077,0.029531690167316674,-0.3885146270234552,0.8185549432688282
84,2011-08-14,12.754234515649024,-0.08432916470332669,-0.024212715270311776,0.01797086760747961,-0.43654459175466176,0.9874479048332896
85,2011-08-21,12.750922813407966,-0.1297915384871972,-0.10589074663680251,0.040960386146092514,-0.39022120017917583,0.7971503734816512
86,2011-08-28,12.727128758921001,-0.10680202099774108,-0.06421805005293446,-0.005559630131576962,-0.39262898940839985,0.7490904848832525
87,2011-09-04,12.761628775623043,-0.06235025756142837,-0.08483733734541077,-0.005559630131576962,-0.40958669446412266,0.8762632608894747
88,2011-09-11,12.703411733433441,-0.10680202099774108,-0.024212715270311776,0.040960386146092514,-0.35744511670461865,0.6584275089482725
89,2011-09-18,12.776543588222605,-0.1533220363538382,-0.024212715270311776,0.029531690167316674,-0.42512831480071167,0.9447367867402399
90,2011-09-25,12.70099142357887,-0.1533220363538382,-0.044015342649264017,0.01797086760747961,-0.4295466122486751,0.9853551241601592
91,2011-10-02,12.714076291259001,-0.06235025756142837,-0.06421805005293446,0.040960386146092514,-0.4085216327911807,0.8141447927912755
92,2011-10-09,12.913876884683738,-0.08432916470332669,0.03294569879956064,0.006274827681791701,-0.3504222399884087,0.5658250865845913
93,2011-10-16,12.787064052652976,-0.10680202099774108,-0.024212715270311776,-0.05434979394748189,-0.33932103963639726,0.6693425450821522
94,2011-10-23,12.84041417394484,-0.1533220363538382,-0.004794629333621219,-0.029657181020828476,-0.30219140377481946,0.4249825322299481
95,2011-10-30,12.82030377516711,-0.1297915384871972,0.014253565713658874,-0.04192727377870797,-0.32729592955511144,0.6316022170993052
96,2011-11-06,12.90552987578614,-0.10680202099774108,-0.004794629333621219,-0.05434979394748189,-0.3188575333155592,0.6276155008554838
97,2011-11-13,12.802202189410606,-0.1533220363538382,0.05129483657941554,-0.04192727377870797,-0.35774119921417746,0.6908215767592765
98,2011-11-20,12.994886760431793,-0.22743000869628335,0.4747784505900119,-0.3255025645697583,-0.40574729854716995,0.7651750544883238
99,2011-11-27,12.828368085118168,-0.06235025756142837,-0.08483733734541077,-0.07966760228529879,-0.33446305943990584,0.5399986870246929
100,2011-12-04,13.178352329913086,-0.08432916470332669,-0.08483733734541077,-0.11888831487293673,-0.3257332235803645,0.49769182124871847
101,2011-12-11,12.98508325277018,-0.04084405303154799,-0.024212715270311776,-0.17369655213274526,-0.35444797286627416,0.41515041697363086
102,2011-12-18,12.95063273832317,-0.04084405303154799,0.20284473538120076,-0.3255025645697583,-0.317687209171992,0.25666760040723835
103,2011-12-25,13.11773066293473,0.0008286431229340627,-0.024212715270311776,-0.309242043473635,-0.32381500851377165,0.3778216963232057
104,2012-01-01,13.199429968525417,0.11634153055065716,-0.044015342649264017,-0.017535821348667064,-0.30787241084352335,0.2518320010427102
105,2012-01-08,13.378893734602,0.0408339785200726,-0.024212715270311776,0.029531690167316674,-0.29908361541105766,0.26531318740009224
106,2012-01-15,13.171957028215708,0.060252063755497624,-0.004794629333621219,0.01797086760747961,-0.27889453105243245,0.13089323998555402
107,2012-01-22,12.940553689583096,0.060252063755497624,-0.024212715270311776,0.029531690167316674,-0.27817260420233403,0.14447671425681818
108,2012-01-29,12.95344045664522,0.021031350840007536,0.03294569879956064,0.029531690167316674,-0.25670045343004766,0.0641641374681643
109,2012-02-05,12.902626516724549,-0.08432916470332669,0.05129483657941554,-0.005559630131576962,-0.25838229593280104,0.25955777582947137
110,2012-02-12,12.807690987993434,-0.08432916470332669,0.014253565713658874,-0.10564308794429185,-0.24463144403643078,0.10315990404530861
111,2012-02-19,12.75609686682028,-0.1297915384871972,-0.044015342649264017,-0.05434979394748189,-0.2413237331620186,0.07637004314766793
112,2012-02-26,12.719620560496761,-0.1297915384871972,-0.06421805005293446,-0.017535821348667064,-0.23847949810093105,0.07521397365474902
113,2012-03-04,12.81701415589878,-0.1774195884116114,-0.06421805005293446,-0.029657181020828476,-0.2375745609838944,0.06474876186365197
114,2012-03-11,12.737000851601342,-0.1533220363538382,-0.044015342649264017,-0.04192727377870797,-0.2135737198925769,-0.10283678539705754
115,2012-03-18,12.674506292999226,-0.1774195884116114,-0.08483733734541077,-0.005559630131576962,-0.21861432552659377,-0.07893670617250903
116,2012-03-25,12.6865617346992,-0.202112200216595,-0.044015342649264017,-0.005559630131576962,-0.210516143859393,-0.0340743021152492
117,2012-04-01,12.66286438080368,-0.202112200216595,0.08701291934981212,-0.04192727377870797,-0.2179202968134062,0.040494393382259464
118,2012-04-08,12.874066107206579,-0.202112200216595,0.014253565713658874,0.01797086760747961,-0.23801962196893012,0.1980609603909249
119,2012-04-15,12.822560139542135,-0.202112200216595,-0.08483733734541077,0.029531690167316674,-0.2320023970551608,0.08385209244038361
120,2012-04-22,12.822964935570946,-0.22743000869628335,-0.06421805005293446,0.052259940598360616,-0.21415078159030543,0.017477023495510835
121,2012-04-29,12.71732617773029,-0.1774195884116114,-0.08483733734541077,0.029531690167316674,-0.2388665599947979,0.17791044650226429
122,2012-05-06,12.739872332855986,-0.22743000869628335,-0.024212715270311776,0.040960386146092514,-0.25040756504921813,0.2153027668254306
123,2012-05-13,12.69186965026195,-0.22743000869628335,-0.08483733734541077,0.07448307769735596,-0.2943395896199217,0.4479535200972884
124,2012-05-20,12.708141036418464,-0.202112200216595,-0.044015342649264017,0.07448307769735596,-0.2770413169071215,0.30515909594729207
125,2012-05-27,12.754945216933066,-0.1533220363538382,-0.024212715270311776,0.01797086760747961,-0.30769244723704947,0.5082499887101126
126,2012-06-03,12.68968636094348,-0.1774195884116114,-0.044015342649264017,0.06343324135537455,-0.2711096578464751,0.28050094967471484
127,2012-06-10,12.838965448224933,-0.1774195884116114,-0.004794629333621219,0.029531690167316674,-0.25823338326036716,0.2748325358197792
128,2012-06-17,12.806413509003644,-0.202112200216595,-0.004794629333621219,0.029531690167316674,-0.2640738441281556,0.12154994585487211
129,2012-06-24,12.822665402273962,-0.202112200216595,0.03294569879956064,0.01797086760747961,-0.24394843203199912,0.06299386231997373
130,2012-07-01,12.820787903738394,-0.10680202099774108,0.03294569879956064,-0.05434979394748189,-0.24945482818147635,0.0641641374681643
131,2012-07-08,12.999499455880457,-0.10680202099774108,-0.004794629333621219,0.040960386146092514,-0.2479058653676507,0.04288673902087892
132,2012-07-15,13.02862396330138,-0.202112200216595,-0.024212715270311776,0.029531690167316674,-0.2435814353179886,0.01440859519049642
133,2012-07-22,12.73899238676923,-0.1533220363538382,-0.044015342649264017,0.029531690167316674,-0.2266198975347713,0.040494393382259464
134,2012-07-29,12.65373799793587,-0.1774195884116114,-0.004794629333621219,-0.005559630131576962,-0.22300441546887662,-0.025082590923284798
135,2012-08-05,12.676760415698132,-0.2800737418603657,-0.08483733734541077,-0.017535821348667064,-0.21236380744735595,-0.08434943927925964
136,2012-08-12,12.668799865805132,-0.22743000869628335,0.014253565713658874,0.01797086760747961,-0.2036598514244874,-0.17593521999260187
137,2012-08-19,12.65030002839146,-0.2800737418603657,-0.004794629333621219,0.01797086760747961,-0.20862932671383838,-0.05493555407296613
138,2012-08-26,12.652494139127722,-0.25340549426518866,-0.024212715270311776,-0.029657181020828476,-0.21185893729681116,0.08557079810551516
139,2012-09-02,12.642832911619049,-0.08432916470332669,-0.004794629333621219,0.006274827681791701,-0.18982247659492568,-0.10907597374754952
140,2012-09-09,12.610634012053573,-0.22743000869628335,-0.044015342649264017,0.029531690167316674,-0.17063941681711103,-0.10007625914435359
141,2012-09-16,12.708222745531042,-0.25340549426518866,0.014253565713658874,0.029531690167316674,-0.17448094551703086,-0.13728658923478587
142,2012-09-23,12.623746258967842,-0.2800737418603657,0.014253565713658874,0.029531690167316674,-0.18791181842371696,-0.0193446089702638
143,2012-09-30,12.615018355974893,-0.10680202099774108,0.014253565713658874,0.006274827681791701,-0.17394687592789815,-0.11255908420036942
144,2012-10-07,12.70662063488503,-0.1533220363538382,0.03294569879956064,-0.05434979394748189,-0.1963322120680644,0.006386336801352588
145,2012-10-14,12.801414034836402,-0.202112200216595,0.03294569879956064,-0.029657181020828476,-0.19311744425844157,0.0618222160230828
146,2012-10-21,12.751957450659965,-0.25340549426518866,0.05129483657941554,-0.07966760228529879,-0.20805552865873178,0.10484577126111994
147,2012-10-28,12.736477342194156,-0.1774195884116114,-0.06421805005293446,-0.13231133538852935,-0.2064561665831688,0.09241623270901655
148,2012-11-04,12.7989104209565,-0.08432916470332669,0.03294569879956064,-0.09257100730485714,-0.23104535190666287,0.14878474461370939
149,2012-11-11,13.078518067267675,-0.1297915384871972,0.08701291934981212,-0.09257100730485714,-0.2456236678849315,0.022976579061549263
150,2012-11-18,12.90826876070873,-0.3356435926571124,0.6083098432145345,-0.3255025645697583,-0.21003342935962976,-0.05757407803114711
151,2012-11-25,12.790701552179682,-0.202112200216595,-0.08483733734541077,-0.10564308794429185,-0.20505698815515583,-0.010483791502132522
152,2012-12-02,13.122689324277875,-0.1533220363538382,-0.044015342649264017,-0.09257100730485714,-0.20372337800777984,-0.008595216814264006
153,2012-12-09,12.969657320273715,-0.22743000869628335,-0.06421805005293446,-0.18788118611746965,-0.20689466959989922,0.05829901801576609
154,2012-12-16,12.90279094205838,-0.1297915384871972,0.08701291934981212,-0.2932417019099729,-0.19524078146554658,0.10652880111141316
155,2012-12-23,13.033715753401468,-0.1533220363538382,0.1870963783476258,-0.4473923824106162,-0.21481364732232677,0.34833126781250057
156,2012-12-30,13.102417779888395,0.1520596129390907,-0.004794629333621219,-0.17369655213274526,-0.17016199954196054,-0.14807418036378328
157,2013-01-06,13.23108145015365,-0.019790643422640336,-0.044015342649264017,0.01797086760747961,-0.16636411171458487,-0.18264915793195025
158,2013-01-13,13.232198467207033,-0.10680202099774108,-0.004794629333621219,-0.017535821348667064,-0.1569456583269453,-0.25239081268114294
159,2013-01-20,12.988511933568882,-0.1297915384871972,0.014253565713658874,-0.005559630131576962,-0.14558366109449494,-0.21846250908935394
160,2013-01-27,12.820087329049175,-0.1774195884116114,0.03294569879956064,0.01797086760747961,-0.13881331499966,-0.2176870146728236
161,2013-02-03,12.870583698053784,-0.22743000869628335,0.03294569879956064,-0.017535821348667064,-0.1356725319446408,-0.20842768926002675
162,2013-02-10,12.798733523244376,-0.30747271658999686,0.08701291934981212,-0.07966760228529879,-0.13444793904240004,-0.25239081268114294
163,2013-02-17,12.768789334982847,-0.30747271658999686,0.05129483657941554,-0.029657181020828476,-0.13720874779561143,-0.1237872723378608
164,2013-02-24,12.645977826951876,-0.3356435926571124,-0.004794629333621219,-0.017535821348667064,-0.13549474179713883,-0.043147598320924185
165,2013-03-03,12.724253155687506,-0.364631130093204,-0.004794629333621219,-0.04192727377870797,-0.11400416569115368,-0.2420114779841942
166,2013-03-10,12.668740055404086,-0.39448409383983596,0.03294569879956064,-0.04192727377870797,-0.10788572495240523,-0.35011160032215516
167,2013-03-17,12.616429104785256,-0.364631130093204,0.05129483657941554,-0.029657181020828476,-0.11032988081525463,-0.1670528521936725
168,2013-03-24,12.6639182900973,-0.39448409383983596,0.17109603693363787,-0.05434979394748189,-0.1024606070626426,-0.23331233257590434
169,2013-03-31,12.668214199498525,-0.3356435926571124,-0.004794629333621219,-0.029657181020828476,-0.11265128933639357,-0.14158767113417658
170,2013-04-07,12.785308971355375,-0.3356435926571124,-0.004794629333621219,0.006274827681791701,-0.09000966312223557,-0.28502013474141075
171,2013-04-14,12.792232988687708,-0.364631130093204,0.014253565713658874,-0.029657181020828476,-0.11138382770961464,-0.06886612760891309
172,2013-04-21,12.695462148575746,-0.364631130093204,0.014253565713658874,-0.005559630131576962,-0.09417857390321682,-0.16410950937707547
173,2013-04-28,12.616929856752714,-0.364631130093204,-0.044015342649264017,0.006274827681791701,-0.07404434582429786,-0.2215705146992213
174,2013-05-05,12.616863546393686,-0.42525575153080475,-0.044015342649264017,0.006274827681791701,-0.06217278106554858,-0.2420114779841942
175,2013-05-12,12.676866587396603,-0.42525575153080475,-0.004794629333621219,0.029531690167316674,-0.041712641872920564,-0.25319370312973355
176,2013-05-19,12.62266560875939,-0.42525575153080475,0.014253565713658874,-0.017535821348667064,-0.05248731239103055,-0.13657153736306027
177,2013-05-26,12.674537591609884,-0.39448409383983596,-0.004794629333621219,-0.017535821348667064,-0.06398623872731068,0.016250781772266798
178,2013-06-02,12.593400938107001,-0.364631130093204,-0.024212715270311776,0.052259940598360616,-0.05626503253088799,-0.05757407803114711
179,2013-06-09,12.71578965501037,-0.39448409383983596,0.03294569879956064,0.006274827681791701,-0.06644827955195964,0.06708384757149854
180,2013-06-16,12.727749184600402,-0.39448409383983596,0.05129483657941554,-0.005559630131576962,-0.08775894675803908,0.1642475960251466
181,2013-06-23,12.727544397630073,-0.39448409383983596,0.03294569879956064,-0.005559630131576962,-0.07909916753868895,0.050029626533259375
182,2013-06-30,12.723150682161839,-0.39448409383983596,0.1383062139687989,-0.13231133538852935,-0.06328127062129418,-0.07422447934453258
183,2013-07-07,12.857905522905838,-0.2800737418603657,0.014253565713658874,0.01797086760747961,-0.03411328497920518,-0.1473513758509264
184,2013-07-14,12.926285231136719,-0.3356435926571124,0.05129483657941554,-0.029657181020828476,-0.027055700957324902,-0.24599079083567554
185,2013-07-21,12.738044111721914,-0.39448409383983596,0.03294569879956064,-0.005559630131576962,-0.027315733940816322,-0.23173876812847416
186,2013-07-28,12.54856955445517,-0.364631130093204,0.03294569879956064,0.01797086760747961,-0.016719736951728237,-0.2916757333531468
187,2013-08-04,12.573700882533815,-0.42525575153080475,0.03294569879956064,-0.005559630131576962,-0.02745169328882291,-0.17891362874686312
188,2013-08-11,12.552339613912373,-0.42525575153080475,0.03294569879956064,-0.005559630131576962,-0.04871776500673697,-0.1097716259495165
189,2013-08-18,12.546693407963431,-0.45700445046862825,0.05129483657941554,0.029531690167316674,-0.04409631564621286,-0.13728658923478587
190,2013-08-25,12.541841063100284,-0.4897942722390305,-0.004794629333621219,-0.04192727377870797,-0.06261970715822418,0.058887080367320266
191,2013-09-01,12.503800341324352,-0.42525575153080475,-0.024212715270311776,-0.06692857632886795,-0.04911638295221454,-0.011744825717160623
192,2013-09-08,12.344302980811161,-0.42525575153080475,0.05129483657941554,0.01797086760747961,-0.029481666061211165,-0.12449323777487642
193,2013-09-15,12.51702925240386,-0.45700445046862825,0.06931334216775525,0.01797086760747961,-0.016579374687988313,-0.20077654252450694
194,2013-09-22,12.449359942423694,-0.42525575153080475,0.06931334216775525,0.01797086760747961,-0.02725663599240935,-0.03665828288117412
195,2013-09-29,12.437961841958947,-0.202112200216595,0.06931334216775525,0.006274827681791701,-0.027995788956803658,0.04288673902087892
196,2013-10-06,12.724678921365019,-0.3356435926571124,0.1214990955778874,-0.029657181020828476,-0.020511326294849752,-0.019980539039389456
197,2013-10-13,12.796514116647026,-0.3356435926571124,0.17109603693363787,-0.05434979394748189,0.0034478495220851,-0.20689276954194336
198,2013-10-20,12.650877049504002,-0.364631130093204,0.1214990955778874,0.006274827681791701,0.012162997934780151,-0.2030657461186416
199,2013-10-27,12.692583035489461,-0.42525575153080475,0.10440466214148683,-0.04192727377870797,0.013225069751008789,-0.18865518199216247
200,2013-11-03,12.712489565226406,-0.39448409383983596,0.06931334216775525,-0.017535821348667064,0.018303979387604308,-0.2176870146728236
201,2013-11-10,12.805367832615161,-0.364631130093204,0.10440466214148683,-0.029657181020828476,0.03375494018109482,-0.2742983825472698
202,2013-11-17,12.697877516256629,-0.42525575153080475,0.1870963783476258,-0.06692857632886795,0.03740749237372576,-0.2685723955323849
203,2013-11-24,12.81908565590068,-0.4897942722390305,0.6491318379106813,-0.3420318667527898,0.037989145137437674,-0.1575184932063709
204,2013-12-01,12.68198379099037,-0.3356435926571124,-0.06421805005293446,-0.13231133538852935,0.03759030107941275,-0.1509706342352395
205,2013-12-08,13.046373944104399,-0.2800737418603657,0.08701291934981212,-0.13231133538852935,0.02096052582906971,-0.017439241610717193
206,2013-12-15,12.935100834015639,-0.25340549426518866,0.1214990955778874,-0.18788118611746965,0.04489283604741612,-0.1509706342352395
207,2013-12-22,12.943887217585278,-0.22743000869628335,0.33442109295532635,-0.4473923824106162,0.0575060327825625,-0.25239081268114294
208,2013-12-29,13.022905407399117,-0.06235025756142837,0.05129483657941554,-0.17369655213274526,0.05204418579374437,-0.1531484935352525
209,2014-01-05,13.099170489664242,0.20335290746222404,0.05129483657941554,0.040960386146092514,0.05803265144627634,-0.2784085404090977
210,2014-01-12,13.189958472456798,0.11634153055065716,0.08701291934981212,0.1069183538968615,0.05603864140578807,-0.2539972387294167
211,2014-01-19,12.938719346526883,-0.019790643422640336,0.1214990955778874,0.07448307769735596,0.029357507565028307,0.1232051186465406
212,2014-01-26,12.78774621906093,0.060252063755497624,0.10440466214148683,0.040960386146092514,0.025047211719305018,0.1379796692045363
213,2014-02-02,12.787567335184038,0.0008286431229340627,0.10440466214148683,0.01797086760747961,0.03310961640696242,-0.04771530609947927
214,2014-02-09,12.794797758840696,-0.202112200216595,0.1383062139687989,-0.029657181020828476,0.05600059967396387,-0.1670528521936725
215,2014-02-16,12.684667390235001,-0.30747271658999686,0.06931334216775525,0.006274827681791701,0.05470531638334286,-0.08842830285408043
216,2014-02-23,12.65288760881564,-0.202112200216595,0.06931334216775525,0.01797086760747961,0.067260586598346,-0.13585699642519167
217,2014-03-02,12.66927822027491,-0.22743000869628335,0.08701291934981212,-0.005559630131576962,0.07720856845749502,-0.12803056017572745
218,2014-03-09,12.619211567799876,-0.1533220363538382,0.1214990955778874,-0.005559630131576962,0.057359384147869896,0.10540709600221332
219,2014-03-16,12.563642189195217,-0.2800737418603657,0.1383062139687989,0.006274827681791701,0.0710556131500466,-0.06686412493824001
220,2014-03-23,12.521146124573868,-0.1774195884116114,0.08701291934981212,0.040960386146092514,0.06627596366984179,-0.10699191602901914
221,2014-03-30,12.594262729260818,-0.1297915384871972,0.03294569879956064,0.029531690167316674,0.07028915895179288,-0.13871822870622363
222,2014-04-06,12.608740511669003,-0.08432916470332669,0.06931334216775525,0.029531690167316674,0.04344539614441523,0.06006216863414693
223,2014-04-13,12.672297268317106,-0.3356435926571124,0.1870963783476258,0.029531690167316674,0.07016047591449848,-0.18264915793195025
224,2014-04-20,12.60880736284494,-0.3356435926571124,-0.044015342649264017,0.040960386146092514,0.06938265679126321,-0.13158043965793098
225,2014-04-27,12.670205953104098,-0.202112200216595,0.014253565713658874,0.040960386146092514,0.07885785189599304,-0.21691212118189895
226,2014-05-04,12.573309614387226,-0.25340549426518866,0.05129483657941554,0.040960386146092514,0.07744279641304264,-0.2161378276859942
227,2014-05-11,12.508906842551378,-0.3356435926571124,0.03294569879956064,0.08541214838156469,0.077112690506012,-0.2539972387294167
228,2014-05-18,12.568623293660607,-0.39448409383983596,-0.004794629333621219,0.07448307769735596,0.08911267777852672,-0.34481591274744483
229,2014-05-25,12.526023437312165,-0.4897942722390305,0.05129483657941554,0.06343324135537455,0.10116267434639248,-0.3413009706400003
230,2014-06-01,12.484208043148733,-0.5236958245661325,0.014253565713658874,0.07448307769735596,0.11452198945684167,-0.40187076939784294
231,2014-06-08,12.655143071119058,-0.5587871450753532,0.05129483657941554,0.07448307769735596,0.10768651550553088,-0.2751190637586993
232,2014-06-15,12.615513174504486,-0.5587871450753532,0.05129483657941554,0.052259940598360616,0.12138755326588058,-0.39074924605398165
233,2014-06-22,12.628162133036758,-0.5587871450753532,0.08701291934981212,0.06343324135537455,0.12041399723910029,-0.3536577033289059
234,2014-06-29,12.630657141043345,-0.5587871450753532,0.1870963783476258,-0.029657181020828476,0.1328203902052305,-0.4408305659870333
235,2014-07-06,12.684642603785752,-0.5236958245661325,0.08701291934981212,0.07448307769735596,0.12377911925375962,-0.2833631335337814
236,2014-07-13,12.822767955304764,-0.5951547880876771,0.10440466214148683,0.052259940598360616,0.12917730369143765,-0.28502013474141075
237,2014-07-20,12.567408211876076,-0.5587871450753532,0.1548355159920963,0.07448307769735596,0.12923795991904363,-0.23410004431415388
238,2014-07-27,12.45926031819276,-0.6328951168044477,0.1214990955778874,0.040960386146092514,0.10198376712585588,0.06006216863414693
239,2014-08-03,12.420687934372502,-0.7129378239825857,0.06931334216775525,0.040960386146092514,0.10532334822387135,-0.016804925065502907
240,2014-08-10,12.504204923876774,-0.7554974392414052,0.03294569879956064,0.01797086760747961,0.11740078155896327,-0.19849256741667665
241,2014-08-17,12.427065886583497,-0.7999492003867446,0.014253565713658874,0.040960386146092514,0.1343101751857798,-0.3351793948991708
242,2014-08-24,12.425232271542074,-0.7999492003867446,0.06931334216775525,0.029531690167316674,0.14181062792172927,-0.28253566141374886
243,2014-08-31,12.428335809417076,-0.7999492003867446,0.05129483657941554,-0.029657181020828476,0.14397461754109653,-0.28253566141374886
244,2014-09-07,12.36629769609821,-0.7999492003867446,0.06931334216775525,0.06343324135537455,0.13287080496457193,-0.18639869363342987
245,2014-09-14,12.398006192118032,-0.8464692169137835,0.08701291934981212,0.040960386146092514,0.14531358706256103,-0.28088276847544913
246,2014-09-21,12.387477115261644,-0.8464692169137835,0.1214990955778874,0.029531690167316674,0.13151505948498432,-0.07691446079174158
247,2014-09-28,12.335217556595927,-0.7999492003867446,0.05129483657941554,-0.005559630131576962,0.12394686440404179,-0.09732333242294855
248,2014-10-05,12.458949741099206,-0.7999492003867446,0.10440466214148683,-0.017535821348667064,0.09205487907293541,0.28097187033328774
249,2014-10-12,12.519992477680875,-0.7999492003867446,0.06931334216775525,-0.029657181020828476,0.08184094546553222,0.31567347852621985
250,2014-10-19,12.453580950816942,-0.8464692169137835,0.08701291934981212,-0.017535821348667064,0.1222583274982103,0.004525871148433058
251,2014-10-26,12.511094756770992,-0.7999492003867446,0.06931334216775525,-0.029657181020828476,0.1491115907896674,-0.1337164319260804
252,2014-11-02,12.494708013451406,-0.7129378239825857,0.08701291934981212,-0.029657181020828476,0.1559610483942624,-0.20077654252450694
253,2014-11-09,12.64218980919333,-0.7554974392414052,0.08701291934981212,-0.04192727377870797,0.15984141007351393,-0.18639869363342987
254,2014-11-16,12.56414910688439,-0.7554974392414052,0.24865427080950822,-0.06692857632886795,0.1713834380878927,-0.2176870146728236
255,2014-11-23,12.78605672707295,-0.8952593820645764,0.6491318379106813,-0.3255025645697583,0.17334906446429343,-0.18489719184983278
256,2014-11-30,12.592657301008368,-0.6721158286895089,-0.004794629333621219,-0.09257100730485714,0.17711937529263633,-0.2992166153377598
257,2014-12-07,12.872064433344747,-0.7129378239825857,0.10440466214148683,-0.10564308794429185,0.14129134837703372,0.27341039763271135
258,2014-12-14,12.700241309196999,-0.7554974392414052,0.1548355159920963,-0.15971030995883528,0.17484238819765618,0.02783981053105755
259,2014-12-21,12.739130296151249,-0.8464692169137835,0.32062777076275356,-0.41102473773470255,0.183555253438759,-0.10076567661392133
260,2014-12-28,12.873278746989657,-0.6721158286895089,0.05129483657941554,-0.21686872338286955,0.16881165849003654,0.10372217563729347
261,2015-01-04,12.993033432040786,0.7141785313999528,-0.024212715270311776,0.13833454967427664,0.1622847723738836,0.09013962387142493
262,2015-01-11,13.180037769215858,0.6523031275283973,-0.06421805005293446,0.16879375757884413,0.14979023113672785,0.2672243203276965
263,2015-01-18,12.857193982233944,0.6733565371373049,-0.044015342649264017,0.13833454967427664,0.16570710518141585,0.038096310698246594
264,2015-01-25,12.5492544653282,0.6198678516909203,-0.06421805005293446,0.1069183538968615,0.1376189006627726,0.2681785188733783
265,2015-02-01,12.63343948346601,0.5976447150398007,-0.06421805005293446,0.1069183538968615,0.16748438602893234,0.07521397365474902
266,2015-02-08,12.688986330230728,0.4657171718636619,0.014253565713658874,0.06343324135537455,0.1874828462998508,-0.08774733585466432
267,2015-02-15,12.535031009293794,0.45281376743951396,-0.024212715270311776,0.06343324135537455,0.19381000857297082,-0.11465478877458857
268,2015-02-22,12.544824424875685,0.439741685616843,-0.044015342649264017,0.09622306463452937,0.19105777710588168,-0.18414728555297222
269,2015-03-01,12.662123130844972,0.45281376743951396,-0.08483733734541077,0.07448307769735596,0.17513699045476727,-0.05361889818821952
270,2015-03-08,12.535106572101816,0.42649645929164826,-0.06421805005293446,0.12797176249294578,0.16647677603439615,-0.0023256038006689295
271,2015-03-15,12.46936724633135,0.439741685616843,-0.024212715270311776,0.11750046336991787,0.1927669822488749,-0.20842768926002675
272,2015-03-22,12.421313049081238,0.385674464685524,-0.08483733734541077,0.11750046336991787,0.1701808834697358,-0.062208313402046134
273,2015-03-29,12.38734365068795,0.3994677863767516,0.014253565713658874,0.1069183538968615,0.17305877780402223,-0.08910973388555954
274,2015-04-05,12.44324927105581,0.3994677863767516,-0.10589074663680251,0.11750046336991787,0.18989771223605523,-0.24280607476815552
275,2015-04-12,12.638416592579565,0.439741685616843,-0.06421805005293446,0.13833454967427664,0.1799148757509812,-0.14374516927419778
276,2015-04-19,12.541819619211791,0.3575035871668123,-0.10589074663680251,0.13833454967427664,0.19730571198892655,-0.2661284024625066
277,2015-04-26,12.432331339744529,0.3575035871668123,-0.14937585877613466,0.12797176249294578,0.1928570787503645,-0.23331233257590434
278,2015-05-03,12.373369393056018,0.34311485017339205,-0.10589074663680251,0.12797176249294578,0.19655468604759196,-0.22079260723097693
279,2015-05-10,12.400331007674604,0.29866308750073733,-0.12739695195539325,0.1587434215882171,0.19968285456784773,-0.25883205878399984
280,2015-05-17,12.403332074688336,0.3137009651565569,-0.08483733734541077,0.16879375757884413,0.20125039716294868,-0.27923260308449116
281,2015-05-24,12.442937625981521,0.28339561506970723,-0.08483733734541077,0.1069183538968615,0.1924300320920791,-0.1473513758509264
282,2015-05-31,12.34876940754086,0.32851605046674126,-0.10589074663680251,0.1587434215882171,0.1854971221878854,-0.12096838393144083
283,2015-06-07,12.526774756238822,0.32851605046674126,-0.06421805005293446,0.14859104998427483,0.18610856108279172,-0.15169606045493778
284,2015-06-14,12.463671728378218,0.3137009651565569,-0.024212715270311776,0.1587434215882171,0.19366307127828541,-0.13871822870622363
285,2015-06-21,12.480665679033985,0.3575035871668123,0.014253565713658874,0.13833454967427664,0.18962648006474847,-0.13442944443400595
286,2015-06-28,12.523238274674178,0.439741685616843,-0.004794629333621219,0.040960386146092514,0.17779849912227252,0.045869145048999194
287,2015-07-05,12.623416916168416,0.4657171718636619,-0.024212715270311776,0.09622306463452937,0.1777214961875888,0.04824868216226452
288,2015-07-12,12.749765185921545,0.385674464685524,-0.024212715270311776,0.06343324135537455,0.2015230869883009,-0.29418304766293035
289,2015-07-19,12.479715376005885,0.37168822243866384,0.014253565713658874,0.09622306463452937,0.17917943107767975,-0.15460303924624696
290,2015-07-26,12.34719887423468,0.37168822243866384,-0.024212715270311776,0.11750046336991787,0.19074415606213968,-0.28005734539928184
291,2015-08-02,12.319865508804199,0.34311485017339205,-0.044015342649264017,0.1069183538968615,0.1781788421319268,-0.18040616633736883
292,2015-08-09,12.385581918224293,0.32851605046674126,-0.024212715270311776,0.09622306463452937,0.1848805232710582,-0.223128147412905
293,2015-08-16,12.342572752159361,0.29866308750073733,-0.08483733734541077,0.09622306463452937,0.12546509286746677,0.5583610391362468
294,2015-08-23,12.331157844270138,0.32851605046674126,-0.024212715270311776,0.12797176249294578,0.13454650362209009,0.485103442158926
295,2015-08-30,12.346178007191048,0.3137009651565569,-0.06421805005293446,0.09622306463452937,0.09994025369748094,0.5501216946561414
296,2015-09-06,12.356675611083208,0.2678914290291406,-0.08483733734541077,0.040960386146092514,0.12045993694847645,0.36923795263181436
297,2015-09-13,12.200572547684576,0.29866308750073733,-0.044015342649264017,0.08541214838156469,0.1189187484360339,0.32877508901863317
298,2015-09-20,12.298387434536512,0.25214307175432615,-0.024212715270311776,0.08541214838156469,0.10519391279286427,0.3871794847287662
299,2015-09-27,12.278932696496907,0.29866308750073733,0.05129483657941554,0.06343324135537455,0.11550642556814505,0.266746879401941
300,2015-10-04,12.333480326446674,0.28339561506970723,-0.024212715270311776,0.07448307769735596,0.1475444786597757,0.06299386231997373
301,2015-10-11,12.454969709895433,0.32851605046674126,0.05129483657941554,0.029531690167316674,0.15654650091269318,-0.06353633484556509
302,2015-10-18,12.358192693591008,0.28339561506970723,0.05129483657941554,0.040960386146092514,0.17701326087844294,-0.10352810930983125
303,2015-10-25,12.410502176800259,0.28339561506970723,-0.004794629333621219,0.029531690167316674,0.17904007339407624,-0.062208313402046134
304,2015-11-01,12.462418837672102,0.29866308750073733,-0.024212715270311776,0.06343324135537455,0.18853616430279985,-0.11255908420036942
305,2015-11-08,12.581415259218872,0.3137009651565569,0.03294569879956064,0.029531690167316674,0.1515812177603726,0.22480996878307824
306,2015-11-15,12.486790524180321,0.34311485017339205,0.10440466214148683,-0.005559630131576962,0.18374668845542885,-0.036011661455475075
307,2015-11-22,12.629456254140683,0.18654578968434388,0.5872564339231428,-0.18788118611746965,0.18419661524154396,-0.05889595528906311
308,2015-11-29,12.4784938612139,0.3994677863767516,-0.12739695195539325,0.006274827681791701,0.1849521913365395,-0.07961169776074284
309,2015-12-06,12.85967566063178,0.385674464685524,0.014253565713658874,-0.017535821348667064,0.1462929973436209,0.4192588861873787
310,2015-12-13,12.654839870112024,0.4130734386995796,0.03294569879956064,-0.07966760228529879,0.14289822966532473,0.25521937423087326
311,2015-12-20,12.67495377000309,0.25214307175432615,0.32062777076275356,-0.309242043473635,0.17016631290832152,-0.0187090830511929
312,2015-12-27,12.75575930238771,0.3994677863767516,0.06931334216775525,-0.18788118611746965,0.16185915671475293,0.12705656769906648
313,2016-01-03,12.912550575498763,0.6416078387534754,0.014253565713658874,0.08541214838156469,0.10036180213278723,0.5212928417640743
314,2016-01-10,13.128154575995993,0.6733565371373049,-0.044015342649264017,0.06343324135537455,0.07842713783007227,0.5216630064916026
315,2016-01-17,12.844623714982268,0.5863451601476752,0.08701291934981212,0.029531690167316674,0.09245876732170988,0.33146446760060444
316,2016-01-24,12.597898493711885,0.5633556414736615,0.1383062139687989,0.08541214838156469,0.10979153948721798,0.2307682783667091
317,2016-01-31,12.650566140605816,0.5633556414736615,0.10440466214148683,0.06343324135537455,0.07827826617340783,0.3769666300034724
318,2016-02-07,12.580377269388714,0.45281376743951396,0.05129483657941554,0.006274827681791701,0.07012296709999699,0.4598348479840406
319,2016-02-14,12.462186648514292,0.42649645929164826,0.05129483657941554,0.006274827681791701,0.09814815006598643,0.24697290499039237
320,2016-02-21,12.424685950757851,0.385674464685524,-0.004794629333621219,0.06343324135537455,0.11380876527282346,0.21127253467000928
321,2016-02-28,12.49050694968745,0.37168822243866384,-0.004794629333621219,0.052259940598360616,0.14012204342481294,0.050029626533259375
322,2016-03-06,12.419682899020852,0.34311485017339205,-0.004794629333621219,0.052259940598360616,0.15116092125475156,0.028446054866084758
323,2016-03-13,12.375342734579396,0.3137009651565569,0.05129483657941554,0.029531690167316674,0.16461480004513174,-0.13442944443400595
324,2016-03-20,12.349662036478842,0.28339561506970723,0.1383062139687989,0.006274827681791701,0.15793746760405636,-0.08434943927925964
325,2016-03-27,12.370382969522277,0.3137009651565569,0.05129483657941554,0.08541214838156469,0.17587058330322503,-0.20230209583334435
326,2016-04-03,12.40915633646661,0.32851605046674126,-0.024212715270311776,0.1069183538968615,0.1636482317576453,-0.043147598320924185
327,2016-04-10,12.507727886954576,0.3575035871668123,0.03294569879956064,0.1069183538968615,0.17969865194447543,-0.163375025319084
328,2016-04-17,12.398344533177296,0.25214307175432615,-0.024212715270311776,0.052259940598360616,0.18489966639814082,-0.19318349161690973
329,2016-04-24,12.409176741506657,0.28339561506970723,-0.08483733734541077,0.052259940598360616,0.17225538591422662,-0.021253613686187833
330,2016-05-01,12.402428591287931,0.28339561506970723,-0.024212715270311776,0.052259940598360616,0.16829648450021928,-0.08570721273971982
331,2016-05-08,12.475714212237273,0.28339561506970723,-0.024212715270311776,0.09622306463452937,0.16316462635942397,-0.06420100751875646
332,2016-05-15,12.408478652649565,0.23614273009131706,-0.024212715270311776,0.08541214838156469,0.16595076158003064,-0.05361889818821952
333,2016-05-22,12.391713686734471,0.20335290746222404,-0.044015342649264017,0.06343324135537455,0.18846952145565954,-0.20077654252450694
334,2016-05-29,12.416090429625456,0.23614273009131706,-0.06421805005293446,0.029531690167316674,0.18850278531507048,-0.17444933561817733
335,2016-06-05,12.3557849187585,0.2678914290291406,-0.004794629333621219,0.07448307769735596,0.18704406316675204,0.06006216863414693
336,2016-06-12,12.492292399314987,0.20335290746222404,-0.004794629333621219,0.029531690167316674,0.17511765952248215,0.19087407114046862
337,2016-06-19,12.421054984563677,0.25214307175432615,-0.004794629333621219,0.029531690167316674,0.15865927794338486,0.47390857519570284
338,2016-06-26,12.482423258810005,0.2678914290291406,0.05129483657941554,0.01797086760747961,0.1903209654559852,-0.08231622949716177
339,2016-07-03,12.496639303561725,0.2678914290291406,0.05129483657941554,-0.05434979394748189,0.20305485212826024,-0.19469749644812495
340,2016-07-10,12.60710460842127,0.2678914290291406,0.014253565713658874,0.029531690167316674,0.21789331621738395,-0.23567733170740235
341,2016-07-17,12.500703022507354,0.28339561506970723,-0.004794629333621219,0.029531690167316674,0.22402233875951438,-0.2883423969333885
342,2016-07-24,12.354169322521471,0.2678914290291406,0.03294569879956064,0.006274827681791701,0.22336469209388543,-0.3009001174188737
343,2016-07-31,12.297748958101964,0.2198822097372032,-0.024212715270311776,0.01797086760747961,0.2276204461946234,-0.3421785485813591
344,2016-08-07,12.352516561538774,0.1694513559938128,-0.08483733734541077,-0.029657181020828476,0.22816084170627082,-0.32822888907264725
345,2016-08-14,12.299426367263383,0.18654578968434388,-0.024212715270311776,-0.05434979394748189,0.22807845375353164,-0.3465780277408439
346,2016-08-21,12.287703322482079,0.1694513559938128,-0.044015342649264017,0.01797086760747961,0.22126455921058152,-0.16117480440948118
347,2016-08-28,12.281588198006318,0.1520596129390907,-0.06421805005293446,-0.005559630131576962,0.22629556114998373,-0.2916757333531468
348,2016-09-04,12.290942147007929,0.13436003640461802,-0.06421805005293446,-0.029657181020828476,0.20207317738433783,0.08728655488901849
349,2016-09-11,12.171952104360802,0.1520596129390907,-0.024212715270311776,0.040960386146092514,0.20739305535156216,-0.04249676848994577
350,2016-09-18,12.233926111016064,0.11634153055065716,-0.004794629333621219,-0.005559630131576962,0.21925700475699017,-0.2661284024625066
351,2016-09-25,12.198317653157106,0.11634153055065716,-0.004794629333621219,-0.005559630131576962,0.22090949166981844,-0.1879024533152962
352,2016-10-02,12.208350050274214,0.13436003640461802,0.014253565713658874,-0.05434979394748189,0.21418572901910782,-0.17370722055628907
353,2016-10-09,12.382464154293327,0.20335290746222404,0.06931334216775525,-0.029657181020828476,0.20449992148102147,0.005146411038032372
354,2016-10-16,12.361506787082236,0.18654578968434388,0.05129483657941554,-0.017535821348667064,0.2083275650273757,-0.18414728555297222
355,2016-10-23,12.377139437733744,0.1694513559938128,0.03294569879956064,-0.029657181020828476,0.20141493824292134,0.009479441649093978
356,2016-10-30,12.412074107177126,0.2198822097372032,-0.004794629333621219,-0.04192727377870797,0.18183501772601485,0.33904532887819094
357,2016-11-06,12.46306868064959,0.2198822097372032,-0.044015342649264017,-0.07966760228529879,0.21914613284883622,-0.1237872723378608
358,2016-11-13,12.318374017617318,0.2678914290291406,0.17109603693363787,-0.005559630131576962,0.2271758798088772,-0.2215705146992213
359,2016-11-20,12.570000225407107,0.07930025910007774,0.6491318379106813,-0.309242043473635,0.24148711706653092,-0.2620683075632084
360,2016-11-27,12.428311787989962,0.3575035871668123,-0.08483733734541077,-0.05434979394748189,0.23177140412950248,-0.1273220939753541
361,2016-12-04,12.770192560353882,0.32851605046674126,-0.024212715270311776,-0.06692857632886795,0.26213670776670916,-0.311061085450282
362,2016-12-11,12.628945358293372,0.3137009651565569,0.08701291934981212,-0.11888831487293673,0.26149036412429716,-0.2734783743012392
363,2016-12-18,12.660543767526416,0.25214307175432615,0.2924568936704204,-0.2774933447314009,0.2640202849602096,-0.3377983400887983
364,2016-12-25,12.74610652466644,0.32851605046674126,0.05129483657941554,-0.309242043473635,0.25293331069803937,-0.13300392744278522
365,2017-01-01,12.767290007403956,0.5749164641019773,0.014253565713658874,-0.017535821348667064,0.2698298626498117,-0.3483432532654134
366,2017-01-08,12.935411919138511,0.5034574999443655,0.014253565713658874,0.052259940598360616,0.26880161896010524,-0.35632555729009807
367,2017-01-15,12.773653768643635,0.5633556414736615,0.05129483657941554,0.052259940598360616,0.2673366514040696,-0.3290950649604967
368,2017-01-22,12.556835145367303,0.5398251442061072,0.014253565713658874,0.08541214838156469,0.27757760030202494,-0.4159488996102967
369,2017-01-29,12.546049448265151,0.4784561978919264,0.08701291934981212,0.09622306463452937,0.2787665881107051,-0.379750051753311
370,2017-02-05,12.467332454156944,0.3575035871668123,0.05129483657941554,0.01797086760747961,0.28686464686142976,-0.39074924605398165
371,2017-02-12,12.412623292870608,0.34311485017339205,0.05129483657941554,0.006274827681791701,0.3018886538375982,-0.33343723417978577
372,2017-02-19,12.385565204480582,0.2678914290291406,0.05129483657941554,0.01797086760747961,0.3087468670068745,-0.3351793948991708
373,2017-02-26,12.268244305360085,0.29866308750073733,0.06931334216775525,0.01797086760747961,0.3153904705146884,-0.3806620445205806
374,2017-03-05,12.404755457369363,0.25214307175432615,0.03294569879956064,0.06343324135537455,0.31096630942715553,-0.31875014511810384
375,2017-03-12,12.311454660956878,0.20335290746222404,0.08701291934981212,-0.005559630131576962,0.3133447909818221,-0.35188307997053725
376,2017-03-19,12.322490305040192,0.18654578968434388,0.03294569879956064,0.040960386146092514,0.29883019860005344,-0.21304663511632116
377,2017-03-26,12.338280037051932,0.1694513559938128,0.03294569879956064,0.01797086760747961,0.3067933533467304,-0.2596401396360535
378,2017-04-02,12.246960237898843,0.23614273009131706,0.06931334216775525,0.01797086760747961,0.30374988498046385,-0.2200153044324149
379,2017-04-09,12.38765643023722,0.20335290746222404,0.1870963783476258,0.006274827681791701,0.2923973690682313,-0.004828734018787362
380,2017-04-16,12.327688327206733,0.23614273009131706,0.03294569879956064,0.006274827681791701,0.3008375686733258,-0.09184011100841705
381,2017-04-23,12.395084273807672,0.20335290746222404,0.014253565713658874,0.052259940598360616,0.3158434856271901,-0.3935180526221145
382,2017-04-30,12.259400119570712,0.18654578968434388,-0.004794629333621219,0.040960386146092514,0.3221527443854555,-0.4168945261583037
383,2017-05-07,12.278579336316922,0.13436003640461802,0.014253565713658874,0.052259940598360616,0.318649690985394,-0.43310851989312305
384,2017-05-14,12.24001502970553,0.11634153055065716,-0.004794629333621219,0.052259940598360616,0.3148069738626882,-0.28667988615977524
385,2017-05-21,12.257449936389921,0.0979923924722683,0.03294569879956064,0.01797086760747961,0.32901867001098584,-0.4915120524631784
386,2017-05-28,12.355087301394848,0.1694513559938128,0.05129483657941554,-0.005559630131576962,0.3385967148658118,-0.4976470410306941
387,2017-06-04,12.26761919518169,0.1694513559938128,0.03294569879956064,0.040960386146092514,0.3355992633651059,-0.40467058457258975
388,2017-06-11,12.365858844518863,0.1694513559938128,0.05129483657941554,0.006274827681791701,0.3361665417824815,-0.4350334483027076
389,2017-06-18,12.34096623494323,0.18654578968434388,-0.004794629333621219,0.029531690167316674,0.33828096314391054,-0.4703312303837315
390,2017-06-25,12.386872211349914,0.2198822097372032,0.06931334216775525,0.01797086760747961,0.3321554708056311,-0.3607878583134969
391,2017-07-02,12.440694073276802,0.2198822097372032,0.10440466214148683,-0.07966760228529879,0.33288558827713377,-0.3598938037166164
392,2017-07-09,12.557887297361319,0.25214307175432615,0.03294569879956064,0.029531690167316674,0.3468444339482888,-0.5225704494831511
393,2017-07-16,12.459795837076777,0.18654578968434388,0.06931334216775525,-0.005559630131576962,0.35222584599204776,-0.5384690355509494
394,2017-07-23,12.303448871408895,0.1694513559938128,0.03294569879956064,0.029531690167316674,0.35204789937147574,-0.44374177619449195
395,2017-07-30,12.199933841570763,0.18654578968434388,0.05129483657941554,0.052259940598360616,0.35395941611227677,-0.469333724066606
396,2017-08-06,12.263982998815008,0.13436003640461802,0.06931334216775525,0.052259940598360616,0.33951877236396744,-0.03342934885200277
397,2017-08-13,12.19743545213451,0.11634153055065716,-0.024212715270311776,0.040960386146092514,0.3330381908759872,-0.11745591105430009
398,2017-08-20,12.181421282089044,0.0408339785200726,-0.024212715270311776,-0.005559630131576962,0.34022714663983145,-0.35188307997053725
399,2017-08-27,12.187027431324267,0.18654578968434388,-0.06421805005293446,-0.005559630131576962,0.35384635028929523,-0.45941300777985816
400,2017-09-03,12.431721057061006,0.11634153055065716,0.03294569879956064,-0.05434979394748189,0.34772232211858434,-0.28005734539928184
401,2017-09-10,12.263978280131143,0.0979923924722683,-0.024212715270311776,0.01797086760747961,0.36336258752054373,-0.4554721159799815
402,2017-09-17,12.265816879919301,0.11634153055065716,0.03294569879956064,0.006274827681791701,0.36415819412309336,-0.5141934371451033
403,2017-09-24,12.268986409965132,0.0979923924722683,0.05129483657941554,-0.005559630131576962,0.37098481136246164,-0.5225704494831511
404,2017-10-01,12.226757236723007,0.11634153055065716,0.03294569879956064,-0.029657181020828476,0.38281047802242174,-0.5079564106895553
405,2017-10-08,12.342529130896606,0.13436003640461802,0.06931334216775525,0.01797086760747961,0.3843155616970355,-0.5121101030582489
406,2017-10-15,12.233648901300278,0.1520596129390907,0.08701291934981212,-0.029657181020828476,0.3929109369214574,-0.4753337420667032
407,2017-10-22,12.283052205013355,0.13436003640461802,0.08701291934981212,-0.017535821348667064,0.3951839358625824,-0.49253194036392367
408,2017-10-29,12.282927199515266,0.1694513559938128,0.06931334216775525,-0.05434979394748189,0.3978034528079064,-0.5622539405743914
409,2017-11-05,12.397151577664319,0.11634153055065716,0.06931334216775525,-0.04192727377870797,0.395660361528531,-0.3509969478788797
410,2017-11-12,12.374354437790322,0.18654578968434388,0.21834892198058856,-0.029657181020828476,0.39432346900823045,-0.3386728482337307
411,2017-11-19,12.52454092199747,0.021031350840007536,0.6390815020145394,-0.2774933447314009,0.4034216192664122,-0.5058860165752472
412,2017-11-26,12.323193239598348,0.2198822097372032,-0.044015342649264017,-0.017535821348667064,0.41859932978494374,-0.3386728482337307
413,2017-12-03,12.694615849855396,0.2678914290291406,0.03294569879956064,-0.029657181020828476,0.4221053854724408,-0.5152367340576811
414,2017-12-10,12.549694264304598,0.2678914290291406,0.10440466214148683,-0.11888831487293673,0.4312320281772788,-0.5320792374521783
415,2017-12-17,12.568616334645725,0.29866308750073733,0.24865427080950822,-0.21686872338286955,0.43404218790366755,-0.48237956889990574
416,2017-12-24,12.691451222191628,0.32851605046674126,0.23361639417287747,-0.35883898530885044,0.43040952702546953,-0.37338928519150105
417,2017-12-31,12.769532464274556,0.5034574999443655,0.06931334216775525,-0.09257100730485714,0.4560867272641964,-0.5535392884719474
418,2018-01-07,12.908226642666717,0.5278489535436591,0.05129483657941554,0.029531690167316674,0.4716728809464401,-0.45645588389011404
419,2018-01-14,12.77719342507992,0.4657171718636619,0.03294569879956064,0.006274827681791701,0.4802711245261344,-0.3527699979887653
420,2018-01-21,12.468706104530796,0.5278489535436591,0.10440466214148683,0.029531690167316674,0.5022914387078306,-0.3697726447213121
421,2018-01-28,12.497868743760831,0.5398251442061072,0.08701291934981212,0.029531690167316674,0.46298194674075077,0.07637004314766793
422,2018-02-04,12.400660331493453,0.34311485017339205,0.05129483657941554,0.01797086760747961,0.4099824338790068,0.5944483321016869
423,2018-02-11,12.357956472272008,0.2678914290291406,0.10440466214148683,-0.04192727377870797,0.45209432281610873,0.1934467507174089
424,2018-02-18,12.265345766244993,0.25214307175432615,0.05129483657941554,-0.029657181020828476,0.4575984969105642,0.02783981053105755
425,2018-02-25,12.185517835415412,0.23614273009131706,0.03294569879956064,0.01797086760747961,0.43698563757382924,0.20010490591599916
426,2018-03-04,12.326133085930598,0.20335290746222404,0.05129483657941554,0.029531690167316674,0.4717913411117616,-0.09115681750728433
427,2018-03-11,12.230091860707685,0.1520596129390907,0.08701291934981212,-0.029657181020828476,0.45931142529652647,-0.01490438600752908
428,2018-03-18,12.19900271234581,0.1520596129390907,0.08701291934981212,0.01797086760747961,0.39796570701202594,0.43874793177486326
429,2018-03-25,12.182676067723778,0.1694513559938128,0.20284473538120076,-0.017535821348667064,0.418088320505567,0.21931682138727382
430,2018-04-01,12.211040286345684,0.20335290746222404,0.06931334216775525,0.01797086760747961,0.40420905635383164,0.29267338461396886
431,2018-04-08,12.353306602744034,0.20335290746222404,0.03294569879956064,0.006274827681791701,0.42391406336694537,0.08213042773964752
432,2018-04-15,12.328688429070361,0.18654578968434388,0.06931334216775525,0.006274827681791701,0.42911073329903626,0.05121516312736096
433,2018-04-22,12.206767404129517,0.1520596129390907,-0.004794629333621219,0.006274827681791701,0.4290245988963468,-0.03989767670842559
434,2018-04-29,12.13592374896078,0.1694513559938128,-0.024212715270311776,0.01797086760747961,0.4265908498482194,-0.08231622949716177
435,2018-05-06,12.15615734863624,0.11634153055065716,0.06931334216775525,0.01797086760747961,0.450445952663058,-0.23725711086692058
436,2018-05-13,12.181851671700754,0.07930025910007774,-0.004794629333621219,0.01797086760747961,0.4450238329341394,-0.17816819449691446
437,2018-05-20,12.240681780143326,0.0408339785200726,0.03294569879956064,0.052259940598360616,0.44810062792882643,-0.19318349161690973
438,2018-05-27,12.220202349435981,0.11634153055065716,-0.004794629333621219,0.052259940598360616,0.45297239721213245,-0.17519200182386818
439,2018-06-03,12.162763184829519,0.13436003640461802,0.014253565713658874,0.052259940598360616,0.4690818242648769,-0.2751190637586993
440,2018-06-10,12.288983543702292,0.13436003640461802,0.10440466214148683,0.06343324135537455,0.46930845428359813,-0.2916757333531468
441,2018-06-17,12.235743092024704,0.0979923924722683,0.10440466214148683,0.029531690167316674,0.4603537098947559,-0.15242201329988658
442,2018-06-24,12.31387717215861,0.1694513559938128,0.08701291934981212,0.052259940598360616,0.44701234688905256,0.003283634963841653
